{"loc_B":56.289000000000001,"loc_L":43.073333333333331,"loc_H":103,"can_B":56.289277777777777,"can_L":43.073333333333331,"can_H":103.8,"alpha":25,"az":0,"hei":0,"wind_module":0,"wind_direction":0,"temperature":20,"atm_pressure":760,"bullet_type":6}