{"loc_B":56.289054980914315,"loc_L":43.073521620940326,"loc_H":103,"can_B":56.28925945076535,"can_L":43.073511332869252,"can_H":103.8,"alpha":37.68,"az":2.7400000000000002,"hei":0,"wind_module":350,"wind_direction":2,"temperature":22,"atm_pressure":754,"bullet_type":6}