{"loc_B":56.289129987823138,"loc_L":43.083811358857844,"loc_H":100,"can_B":56.289346655128973,"can_L":43.083764980421819,"can_H":98,"alpha":5,"az":0,"hei":0,"wind_module":0,"wind_direction":0,"temperature":20,"atm_pressure":760,"bullet_type":2}