{"loc_B":56.28913,"loc_L":43.083811400000002,"loc_H":100,"can_B":56.289346700000003,"can_L":43.083765,"can_H":98,"alpha":5,"az":0,"hei":0,"wind_module":240,"wind_direction":2,"temperature":5,"atm_pressure":752,"bullet_type":2}