{"loc_B":56.28913,"loc_L":43.083811400000002,"loc_H":100,"can_B":56.289346700000003,"can_L":43.083765,"can_H":98,"alpha":25,"az":0,"hei":0,"wind_module":270,"wind_direction":2,"temperature":20,"atm_pressure":758,"bullet_type":1}