{"loc_B":56.289148987024774,"loc_L":43.083820099929866,"loc_H":103,"can_B":56.289495409868586,"can_L":43.083788493085528,"can_H":102.92502631687631,"alpha":33.310000000000002,"az":11.76,"hei":0,"wind_module":4,"wind_direction":206,"temperature":5,"atm_pressure":761,"bullet_type":5}