{"loc_B":56.289148987024774,"loc_L":43.083820099929866,"loc_H":103,"can_B":56.289428338916075,"can_L":43.083782798660103,"can_H":100.67236992039767,"alpha":76.5,"az":11.76,"hei":0,"wind_module":4,"wind_direction":206,"temperature":5,"atm_pressure":761,"bullet_type":3}